Date,sentiment_score,Closing_price
2003-09-26 10:15:00,0.085075796,0.00582010426569704
2003-10-02 10:37:00,0.28207594,0.01463844610095344
2003-10-21 10:47:00,0.07461393,0.04667841470785744
2004-04-06 09:43:00,0.36140245,0.14520870003912925
2004-05-28 09:49:00,0.49161148,0.17666077694772916
2004-10-28 09:27:00,0.39811754,0.33709579235991294
2004-11-05 09:19:00,0.26934534,0.3670781904817094
2004-11-09 09:26:00,0.35885078,0.37519104882327914
2005-03-02 09:16:00,0.26043996,0.3893004047301706
2005-03-11 10:33:00,0.18705112,0.41857727450587445
2005-03-16 09:25:00,0.52427745,0.42245736644254217
2005-03-29 09:55:00,0.36038235,0.398118746565427
2005-05-12 08:01:00,0.74389905,0.4386831279780876
2005-05-12 09:09:00,0.359567,0.4386831279780876
2005-05-13 09:33:00,0.40013164,0.4500881529187165
2005-05-20 05:32:00,0.39348677,0.4761904591038453
2005-05-20 05:51:00,0.45983765,0.4761904591038453
2005-06-08 05:16:00,0.29574898,0.4990005538375091
2005-06-15 04:02:00,0.21794409,0.5450911104863669
2005-07-12 03:12:00,0.32780161,0.5653144772622521
2005-07-12 05:25:00,0.23290074,0.5653144772622521
2005-07-12 07:08:00,0.21795386,0.5653144772622521
2005-07-12 09:52:00,0.554788,0.5653144772622521
2005-07-12 10:46:00,0.32845816,0.5653144772622521
2005-07-20 09:28:00,0.33286807,0.5774250305489737
2005-08-10 06:57:00,0.37052795,0.5251028600226378
2005-08-11 05:02:00,0.23274457,0.5333333213726917
2005-08-11 07:39:00,0.24379164,0.5333333213726917
2005-08-11 09:01:00,0.75911844,0.5333333213726917
2005-08-11 10:09:00,0.56770235,0.5333333213726917
2005-10-05 04:54:00,0.33919346,0.5593180245493364
2005-10-05 08:27:00,0.36612678,0.5593180245493364
2005-11-09 09:41:00,0.6797173,0.5628453523129578
2005-11-25 01:34:00,0.6278827,0.6249265093327989
2005-11-28 09:16:00,0.42726627,0.6004702864471997
2005-12-09 06:32:00,0.7736452,0.5659024025998607
2005-12-16 06:07:00,0.4221829,0.47160492852589697
2006-01-05 07:31:00,0.58112437,0.4480893502985466
2006-01-09 00:57:00,0.56169575,0.5374485296215157
2006-01-09 04:41:00,0.4105362,0.5374485296215157
2006-01-11 05:21:00,0.56706774,0.535802446321986
2006-03-08 08:36:00,0.5405724,0.45138151689760575
2006-03-08 10:07:00,0.38570967,0.45138151689760575
2006-05-09 04:00:00,0.15803802,0.3629629373804796
2006-05-10 08:11:00,0.42934388,0.35802468748189087
2006-05-11 00:42:00,0.44007275,0.3742504041650303
2006-05-11 07:01:00,0.73649883,0.3742504041650303
2006-07-31 02:19:00,0.43275294,0.19764842872154317
2006-08-08 08:01:00,0.73649883,0.1833039340762925
2006-08-09 09:59:00,0.09191805,0.18353909524085474
2006-08-10 04:48:00,0.41814005,0.2303350905309933
2006-08-10 05:54:00,0.64824444,0.2303350905309933
2006-08-10 07:31:00,0.74389905,0.2303350905309933
2006-08-11 09:53:00,0.347012,0.22328041257754758
2006-08-15 09:40:00,0.22914794,0.24514988507916538
2006-08-15 10:29:00,0.36112413,0.24514988507916538
2006-08-16 10:16:00,0.61868876,0.255261590893311
2006-09-21 09:41:00,0.39037618,0.28724279163527744
2006-10-05 09:40:00,0.44271377,0.29547325298533134
2006-11-07 07:31:00,0.7438989,0.2855967083357479
2006-11-08 09:15:00,0.5254743,0.30064666404848217
2006-11-09 05:58:00,0.28526956,0.3601410931105449
2006-11-09 06:22:00,0.35984796,0.3601410931105449
2006-11-09 11:31:00,0.75911844,0.3601410931105449
2006-12-27 11:31:00,0.48498544,0.4027042771433753
2007-01-10 09:41:00,0.6003512,0.45279243903257305
2007-03-07 07:19:00,0.32513067,0.4532627613616975
2007-03-08 07:31:00,0.75911844,0.4332745108979684
2007-03-23 04:59:00,0.29949975,0.47301585066086427
2007-05-08 04:25:00,0.291505,0.4629041448467187
2007-05-08 06:31:00,0.75911814,0.4629041448467187
2007-05-10 06:31:00,0.75911844,0.45749557261900553
2007-07-09 05:32:00,0.53303045,0.39823630472150506
2007-08-07 04:25:00,0.22962144,0.40011754918559694
2007-08-07 04:38:00,0.13289368,0.40011754918559694
2007-08-09 06:31:00,0.75911844,0.39470897695788376
2007-08-10 03:24:00,0.33166945,0.3646090206800091
2007-09-04 01:31:00,0.30146205,0.3900058433714513
2007-11-06 03:59:00,0.4706395,0.44926511126895163
2007-11-06 04:31:00,0.58620787,0.44926511126895163
2007-11-07 07:03:00,0.4722045,0.4372721609907143
2007-11-08 00:02:00,0.43533966,0.45420340601994635
2007-11-08 05:31:00,0.74389905,0.45420340601994635
2007-12-14 09:50:00,0.38337517,0.4995884343227116
2007-12-20 09:57:00,0.3008267,0.4739564953191132
2008-01-03 04:45:00,0.57149076,0.5085243791664521
2008-01-18 03:03:00,0.23574129,0.4241034497420717
2008-02-15 09:47:00,0.58256364,0.5259259016724027
2008-03-05 08:45:00,0.36171818,0.5437977465074777
2008-03-06 04:28:00,0.42151436,0.5238094960437486
2008-03-06 06:02:00,0.3879239,0.5238094960437486
2008-03-06 09:51:00,0.56940454,0.5238094960437486
2008-03-25 07:41:00,0.44191915,0.6242209809867063
2008-03-25 11:35:00,0.057497025,0.6242209809867063
2008-03-26 09:58:00,0.35756764,0.5896531419917733
2008-05-08 06:10:00,0.6811279,0.615520242159934
2008-05-08 06:10:00,0.5499992,0.615520242159934
2008-05-08 06:12:00,0.82921016,0.615520242159934
2008-05-15 05:01:00,0.7254062,0.6272780312736091
2008-05-15 05:49:00,0.31074986,0.6272780312736091
2008-05-15 06:09:00,0.54415095,0.6272780312736091
2008-05-15 06:09:00,0.49368763,0.6272780312736091
2008-05-15 06:28:00,0.47230038,0.6272780312736091
2008-05-15 08:39:00,0.15485018,0.6272780312736091
2008-05-16 05:15:00,0.5015335,0.581892958118438
2008-05-30 09:50:00,0.33618447,0.6108171085735015
2008-07-03 01:38:00,0.13454145,0.5835390862703735
2008-08-07 06:11:00,0.44196296,0.6237507483623937
2008-08-07 06:11:00,0.5969303,0.6237507483623937
2008-08-07 06:15:00,0.66806114,0.6237507483623937
2008-08-12 00:28:00,0.3119466,0.6569077100747653
2008-08-12 08:16:00,0.35180712,0.6569077100747653
2008-08-12 10:33:00,0.39475328,0.6569077100747653
2008-08-14 05:05:00,0.33893043,0.6863021828589533
2008-08-14 06:03:00,0.49084944,0.6863021828589533
2008-08-14 06:04:00,0.45534918,0.6863021828589533
2008-08-14 06:05:00,0.3780352,0.6863021828589533
2008-08-14 08:40:00,0.66213965,0.6863021828589533
2008-08-14 09:31:00,0.69816387,0.6863021828589533
2008-09-02 00:19:00,0.25385886,0.7253380391281625
2008-09-02 10:28:00,0.21260995,0.7253380391281625
2008-11-06 05:00:00,0.5363525,0.28300998037796943
2008-11-06 06:14:00,0.6677631,0.28300998037796943
2008-11-06 06:14:00,0.4432661,0.28300998037796943
2008-11-06 06:16:00,0.4613209,0.28300998037796943
2008-11-12 07:52:00,0.6362548,0.21152262346387238
2008-11-13 04:31:00,0.7139709,0.24562020740828985
2008-11-13 05:12:00,0.617398,0.24562020740828985
2008-11-13 06:08:00,0.5574673,0.24562020740828985
2008-11-13 06:08:00,0.47017738,0.24562020740828985
2008-11-13 06:18:00,0.74202144,0.24562020740828985
2008-12-01 00:08:00,0.13469708,0.2355085015941442
2008-12-01 03:56:00,0.14976758,0.2355085015941442
2008-12-22 03:41:00,0.4752615,0.1898882897006138
2009-01-08 04:31:00,0.7139709,0.21740151802070998
2009-01-08 04:54:00,0.72547424,0.21740151802070998
2009-01-08 06:04:00,0.68674403,0.21740151802070998
2009-01-08 06:04:00,0.5116216,0.21740151802070998
2009-01-08 06:04:00,0.511621,0.21740151802070998
2009-01-08 06:23:00,0.4484623,0.21740151802070998
2009-01-08 09:29:00,0.49618822,0.21740151802070998
2009-02-05 04:42:00,0.23122892,0.24985301866559786
2009-02-05 06:02:00,0.43989146,0.24985301866559786
2009-02-05 06:02:00,0.3188863,0.24985301866559786
2009-02-05 06:12:00,0.7360072,0.24985301866559786
2009-02-19 06:57:00,0.55821997,0.21998822355228545
2009-02-20 05:56:00,0.49596974,0.23174601266596065
2009-03-04 06:35:00,0.46657375,0.2293944682989474
2009-03-05 03:19:00,0.5302807,0.20211640114341342
2009-03-05 06:06:00,0.49263,0.20211640114341342
2009-03-05 06:06:00,0.48301524,0.20211640114341342
2009-03-05 06:35:00,0.53910506,0.20211640114341342
2009-03-05 09:01:00,0.71117455,0.20211640114341342
2009-03-20 04:58:00,0.28732908,0.2627865687496782
2009-03-20 05:19:00,0.4388782,0.2627865687496782
2009-03-20 09:30:00,0.46480075,0.2627865687496782
2009-03-20 09:38:00,0.28732893,0.2627865687496782
2009-04-01 03:54:00,0.4427917,0.21552027355661815
2009-04-01 04:38:00,0.5277599,0.21552027355661815
2009-04-01 09:07:00,0.61092466,0.21552027355661815
2009-04-01 09:42:00,0.51040035,0.21552027355661815
2009-05-01 04:51:00,0.5630856,0.30393883064754135
2009-05-01 08:20:00,0.46598846,0.30393883064754135
2009-05-01 08:24:00,0.34509832,0.30393883064754135
2009-05-01 08:46:00,0.4406877,0.30393883064754135
2009-05-04 04:22:00,0.1294871,0.3326278647904487
2009-05-07 05:25:00,0.70761937,0.307701319575725
2009-05-07 06:12:00,0.49848568,0.307701319575725
2009-05-07 06:13:00,0.5161973,0.307701319575725
2009-05-07 06:18:00,0.70611876,0.307701319575725
2009-05-07 09:00:00,0.5718119,0.307701319575725
2009-05-08 06:15:00,0.36969465,0.3022927473480118
2009-05-09 10:10:00,0.111786544,0.3022927473480118
2009-05-13 00:36:00,0.37682763,0.2966490139557364
2009-05-13 06:37:00,0.74900275,0.2966490139557364
2009-05-13 11:34:00,0.51069486,0.2966490139557364
2009-05-14 05:01:00,0.74389905,0.3015873087067311
2009-05-14 06:00:00,0.4077981,0.3015873087067311
2009-05-14 06:04:00,0.41485912,0.3015873087067311
2009-05-14 06:16:00,0.5775706,0.3015873087067311
2009-05-14 06:17:00,0.5502752,0.3015873087067311
2009-05-14 09:37:00,0.3526312,0.3015873087067311
2009-05-14 10:12:00,0.35787094,0.3015873087067311
2009-05-30 06:36:00,0.29083332,0.3015873087067311
2009-06-10 05:58:00,0.6997048,0.3707230764014089
2009-07-08 10:26:00,0.27338964,0.3187536700481195
2009-08-06 06:16:00,0.47457126,0.4718400896904592
2009-08-06 06:24:00,0.46215492,0.4718400896904592
2009-08-06 06:28:00,0.8114433,0.4718400896904592
2009-08-07 04:17:00,0.6182662,0.513697790229603
2009-08-07 07:34:00,0.4558221,0.513697790229603
2009-08-07 09:37:00,0.22503474,0.513697790229603
2009-08-07 10:34:00,0.18845105,0.513697790229603
2009-08-12 07:35:00,0.58363605,0.5174602791577866
2009-08-13 04:31:00,0.7254062,0.5372133684569534
2009-08-13 06:05:00,0.4005177,0.5372133684569534
2009-08-13 06:05:00,0.57299125,0.5372133684569534
2009-08-13 06:15:00,0.23670566,0.5372133684569534
2009-09-18 03:49:00,0.242042,0.5896531419917733
2009-10-06 01:06:00,0.20546472,0.5875367363631193
2009-10-12 10:15:00,0.43717602,0.5915343864558651
2009-11-05 06:07:00,0.5822659,0.6065842973161935
2009-11-05 06:07:00,0.4324225,0.6065842973161935
2009-11-05 06:12:00,0.68759966,0.6065842973161935
2009-11-05 08:44:00,0.11397469,0.6065842973161935
2009-11-12 04:27:00,0.6799748,0.6251616256449551
2009-11-12 06:08:00,0.6313617,0.6251616256449551
2009-11-12 06:08:00,0.48961124,0.6251616256449551
2009-11-12 06:16:00,0.50315976,0.6251616256449551
2009-11-12 09:45:00,0.35486895,0.6251616256449551
2009-12-03 06:52:00,0.45164016,0.617636647788588
2009-12-18 04:13:00,0.7030838,0.6348030091299763
2010-01-07 04:31:00,0.7139709,0.6552616267752358
2010-01-07 06:05:00,0.64187837,0.6552616267752358
2010-01-07 06:06:00,0.47577164,0.6552616267752358
2010-01-07 06:14:00,0.69709134,0.6552616267752358
2010-01-22 01:38:00,0.27563816,0.584009363747092
2010-01-22 03:21:00,0.79373485,0.584009363747092
2010-01-26 01:13:00,0.3984674,0.5917695027680213
2010-01-26 04:50:00,0.3140696,0.5917695027680213
2010-01-29 05:33:00,0.5237959,0.5962374751898916
2010-01-29 05:34:00,0.4352105,0.5962374751898916
2010-01-29 05:41:00,0.35121349,0.5962374751898916
2010-01-29 06:38:00,0.22476691,0.5962374751898916
2010-01-30 09:09:00,0.41179848,0.5962374751898916
2010-01-31 00:31:00,0.38375,0.5962374751898916
2010-02-01 09:09:00,0.26501554,0.6178718538055562
2010-02-01 09:45:00,0.3006146,0.6178718538055562
2010-02-04 05:01:00,0.7254062,0.5793062750130655
2010-02-04 06:10:00,0.5021238,0.5793062750130655
2010-02-04 06:20:00,0.4548049,0.5793062750130655
2010-02-04 06:25:00,0.12722456,0.5793062750130655
2010-02-10 04:56:00,0.4162062,0.5920046639325836
2010-02-22 10:40:00,0.15752697,0.6072898256622861
2010-03-01 10:05:00,0.29306316,0.6340975704886956
2010-03-03 04:54:00,0.41892925,0.6392710264042526
2010-03-03 07:19:00,0.6044097,0.6392710264042526
2010-03-04 06:03:00,0.49961483,0.6613756376442296
2010-03-04 06:03:00,0.47877014,0.6613756376442296
2010-03-04 06:13:00,0.45658198,0.6613756376442296
2010-03-04 07:01:00,0.7139709,0.6613756376442296
2010-03-04 09:08:00,0.3340422,0.6613756376442296
2010-03-17 09:48:00,0.3870601,0.7013521385716877
2010-03-17 11:41:00,0.48272055,0.7013521385716877
2010-03-22 00:32:00,0.42867947,0.7107583160397406
2010-03-23 00:03:00,0.14372635,0.7095825550693355
2010-03-26 02:16:00,0.5081626,0.7469723280390151
2010-03-26 07:40:00,0.5092813,0.7469723280390151
2010-03-26 08:00:00,0.7434441,0.7469723280390151
2010-03-26 09:41:00,0.5459899,0.7469723280390151
2010-03-26 09:42:00,0.37589613,0.7469723280390151
2010-03-26 10:06:00,0.57777834,0.7469723280390151
2010-03-29 01:50:00,0.40580836,0.7359199775666206
2010-04-05 04:18:00,0.25450972,0.7688418229668359
2010-04-08 06:11:00,0.66343373,0.754262189583226
2010-04-15 10:54:00,0.2772061,0.7803644957683549
2010-04-20 02:23:00,0.26142272,0.752145783954572
2010-05-06 06:03:00,0.54382354,0.698530204596941
2010-05-06 06:17:00,0.5664792,0.698530204596941
2010-05-07 04:33:00,0.5582222,0.6743091877283099
2010-05-07 04:37:00,0.51256263,0.6743091877283099
2010-05-07 05:45:00,0.6730241,0.6743091877283099
2010-05-08 03:13:00,0.41417617,0.6743091877283099
2010-05-08 10:17:00,0.4141759,0.6743091877283099
2010-05-09 01:08:00,0.4141759,0.6743091877283099
2010-05-10 05:13:00,0.5899391,0.7603762004522199
2010-05-12 05:46:00,0.677486,0.7805996120805111
2010-05-12 07:18:00,0.5517047,0.7805996120805111
2010-05-13 00:46:00,0.82574666,0.7187536162252323
2010-05-13 02:35:00,0.26093724,0.7187536162252323
2010-05-13 03:32:00,0.39979127,0.7187536162252323
2010-05-13 04:28:00,0.43719366,0.7187536162252323
2010-05-13 05:09:00,0.45794833,0.7187536162252323
2010-05-13 06:04:00,0.58696306,0.7187536162252323
2010-05-13 06:04:00,0.51138395,0.7187536162252323
2010-05-13 06:19:00,0.26059264,0.7187536162252323
2010-05-13 07:31:00,0.71117455,0.7187536162252323
2010-05-13 09:44:00,0.2984881,0.7187536162252323
2010-05-13 11:59:00,0.19463909,0.7187536162252323
2010-06-10 09:17:00,0.20721394,0.7307466113558756
2010-06-25 03:46:00,0.685626,0.7018224609008121
2010-06-25 04:25:00,0.31462762,0.7018224609008121
2010-06-30 01:53:00,0.80159605,0.6625513986146347
2010-06-30 09:56:00,0.80159664,0.6625513986146347
2010-07-13 02:57:00,0.3451627,0.651263931830084
2010-07-13 10:01:00,0.74460053,0.651263931830084
2010-07-27 04:59:00,0.24473104,0.6291593205901069
2010-08-13 04:57:00,0.17163688,0.5804820359834706
2010-08-13 06:50:00,0.36894047,0.5804820359834706
2010-08-14 04:09:00,0.40022388,0.5804820359834706
2010-08-15 11:46:00,0.5808447,0.5804820359834706
2010-08-16 04:01:00,0.542939,0.5912992252913029
2010-08-16 04:02:00,0.46089295,0.5912992252913029
2010-08-16 04:16:00,0.42892978,0.5912992252913029
2010-08-16 04:24:00,0.46971527,0.5912992252913029
2010-08-16 04:31:00,0.71117455,0.5912992252913029
2010-08-16 05:07:00,0.5105262,0.5912992252913029
2010-08-16 06:27:00,0.4290807,0.5912992252913029
2010-08-16 07:25:00,0.90228426,0.5912992252913029
2010-08-17 04:24:00,0.5715884,0.6286889982609825
2010-08-17 09:37:00,0.3359016,0.6286889982609825
2010-08-19 04:35:00,0.449468,0.6336272481595712
2010-09-29 04:35:00,0.29608792,0.6054085363457884
2010-10-19 04:52:00,0.36396247,0.5423868243725103
2010-11-13 00:01:00,0.34063292,0.5423868243725103
2010-11-13 00:01:00,0.2515038,0.5423868243725103
2010-11-13 02:40:00,0.34063277,0.5423868243725103
2010-11-14 04:13:00,0.38948423,0.5423868243725103
2010-11-15 04:01:00,0.63715667,0.6237507483623937
2010-11-15 04:01:00,0.5253056,0.6237507483623937
2010-11-15 04:14:00,0.5603621,0.6237507483623937
2010-11-15 04:21:00,0.7304222,0.6237507483623937
2010-11-15 04:31:00,0.75911844,0.6237507483623937
2010-11-15 04:52:00,0.71731037,0.6237507483623937
2010-11-15 04:53:00,0.6538565,0.6237507483623937
2010-11-15 05:05:00,0.32009166,0.6237507483623937
2010-11-15 06:26:00,0.4162453,0.6237507483623937
2010-11-15 10:12:00,0.55058694,0.6237507483623937
2010-11-16 01:01:00,0.74445546,0.7152263333140169
2010-11-16 04:46:00,0.5524468,0.7152263333140169
2010-11-16 08:13:00,0.4994067,0.7152263333140169
2010-11-16 09:36:00,0.38595545,0.7152263333140169
2010-11-16 09:51:00,0.5295516,0.7152263333140169
2010-11-16 11:21:00,0.6737243,0.7152263333140169
2010-11-23 02:20:00,0.4550675,0.7413286394991457
2010-12-21 01:02:00,0.38222003,0.7189888222422005
2010-12-21 08:29:00,0.54539627,0.7189888222422005
2010-12-21 09:49:00,0.49997988,0.7189888222422005
2010-12-21 10:26:00,0.32978904,0.7189888222422005
2010-12-31 05:44:00,0.46838498,0.6959435663439745
2011-01-03 08:37:00,0.495511,0.6874779438293585
2011-01-03 09:50:00,0.34134725,0.6874779438293585
2011-01-03 11:00:00,0.33953676,0.6874779438293585
2011-01-05 00:09:00,0.3355437,0.6945325993566012
2011-01-05 00:31:00,0.60277724,0.6945325993566012
2011-01-06 06:06:00,0.6339274,0.7020575772129684
2011-01-06 06:23:00,0.60843134,0.7020575772129684
2011-01-06 08:59:00,0.2504816,0.7020575772129684
2011-02-08 04:47:00,0.47223893,0.7253380391281625
2011-02-08 05:10:00,0.42500037,0.7253380391281625
2011-02-15 10:27:00,0.3609964,0.7408583171700213
2011-03-01 00:34:00,0.37129074,0.7474426503681395
2011-03-04 00:19:00,0.23976618,0.7592004394818147
2011-03-05 00:01:00,0.27985442,0.7592004394818147
2011-03-05 00:01:00,0.403742,0.7592004394818147
2011-03-05 03:01:00,0.403742,0.7592004394818147
2011-03-06 03:58:00,0.403742,0.7592004394818147
2011-03-07 04:01:00,0.37089375,0.7472075340559833
2011-03-07 04:01:00,0.55023324,0.7472075340559833
2011-03-07 04:05:00,0.65417135,0.7472075340559833
2011-03-07 04:21:00,0.47778925,0.7472075340559833
2011-03-07 04:36:00,0.45939654,0.7472075340559833
2011-03-07 05:41:00,0.43932047,0.7472075340559833
2011-03-07 06:41:00,0.28126425,0.7472075340559833
2011-03-07 11:31:00,0.74389905,0.7472075340559833
2011-03-08 03:36:00,0.39906263,0.5983538808185456
2011-03-08 04:06:00,0.39388013,0.5983538808185456
2011-03-08 04:25:00,0.5999732,0.5983538808185456
2011-03-08 05:10:00,0.54131114,0.5983538808185456
2011-03-08 07:48:00,0.71197706,0.5983538808185456
2011-03-08 09:19:00,0.3244457,0.5983538808185456
2011-03-08 09:33:00,0.5416086,0.5983538808185456
2011-03-08 09:49:00,0.5178841,0.5983538808185456
2011-03-08 11:59:00,0.6262453,0.5983538808185456
2011-03-25 02:43:00,0.5236364,0.5607289466843038
2011-04-06 09:57:00,0.41429162,0.5894179808272111
2011-04-06 09:59:00,0.19728345,0.5894179808272111
2011-04-06 11:22:00,0.5389804,0.5894179808272111
2011-04-12 09:51:00,0.71862924,0.5960023140253294
2011-04-12 10:31:00,0.7170813,0.5960023140253294
2011-04-15 00:49:00,0.2364187,0.5743679802620708
2011-04-15 08:22:00,0.603826,0.5743679802620708
2011-04-15 09:54:00,0.48498806,0.5743679802620708
2011-04-28 09:57:00,0.35777035,0.6023515309112915
2011-04-28 10:29:00,0.29922447,0.6023515309112915
2011-04-29 00:01:00,0.10832715,0.5938859083966753
2011-04-29 07:27:00,0.2088567,0.5938859083966753
2011-05-15 04:54:00,0.28520095,0.5938859083966753
2011-05-16 04:01:00,0.5807244,0.6131687202191237
2011-05-16 04:02:00,0.71917224,0.6131687202191237
2011-05-16 04:11:00,0.3908062,0.6131687202191237
2011-05-16 04:13:00,0.67938614,0.6131687202191237
2011-05-16 05:31:00,0.7438989,0.6131687202191237
2011-05-16 05:36:00,0.6342506,0.6131687202191237
2011-05-16 05:39:00,0.52669716,0.6131687202191237
2011-05-16 06:05:00,0.40663934,0.6131687202191237
2011-05-16 06:53:00,0.20929724,0.6131687202191237
2011-05-17 04:42:00,0.705557,0.6312757262187609
2011-05-17 06:38:00,0.4846633,0.6312757262187609
2011-05-17 08:54:00,0.55493325,0.6312757262187609
2011-06-09 10:02:00,0.7527928,0.5402704187438563
2011-06-09 10:43:00,0.86713874,0.5402704187438563
2011-06-30 03:02:00,0.11536288,0.515814195858257
2011-07-07 04:56:00,0.3974273,0.6199882594342102
2011-07-07 09:32:00,0.46017,0.6199882594342102
2011-07-07 10:56:00,0.1434781,0.6199882594342102
2011-07-07 11:33:00,0.43787807,0.6199882594342102
2011-08-13 00:01:00,0.38736048,0.6199882594342102
2011-08-15 04:01:00,0.5794262,0.5520282078575315
2011-08-15 04:02:00,0.49388438,0.5520282078575315
2011-08-15 04:07:00,0.63972074,0.5520282078575315
2011-08-15 04:39:00,0.52692974,0.5520282078575315
2011-08-15 05:01:00,0.536549,0.5520282078575315
2011-08-15 05:31:00,0.42169973,0.5520282078575315
2011-08-15 08:31:00,0.74389905,0.5520282078575315
2011-08-16 05:52:00,0.6370841,0.5085243791664521
2011-08-16 06:22:00,0.32310122,0.5085243791664521
2011-08-16 07:37:00,0.50298244,0.5085243791664521
2011-08-16 09:34:00,0.79262733,0.5085243791664521
2011-08-16 09:46:00,0.6877412,0.5085243791664521
2011-08-18 01:34:00,0.43993965,0.4657260339690593
2011-08-25 03:50:00,0.42698413,0.42316280508382287
2011-09-07 04:30:00,0.3831101,0.44785418913398434
2011-09-07 06:31:00,0.74389905,0.44785418913398434
2011-09-07 08:26:00,0.6888749,0.44785418913398434
2011-09-07 09:35:00,0.6429713,0.44785418913398434
2011-09-07 09:59:00,0.38582408,0.44785418913398434
2011-09-19 09:46:00,0.60060126,0.4318635887630011
2011-09-21 00:40:00,0.13044566,0.41328630528664545
2011-10-27 09:51:00,0.86695236,0.5097001401368573
2011-10-28 10:10:00,0.5851856,0.5146384348878519
2011-10-31 09:59:00,0.27816594,0.4946501844241229
2011-11-04 09:54:00,0.43052804,0.482186911816761
2011-11-04 10:55:00,0.64235157,0.482186911816761
2011-11-08 08:12:00,0.56667143,0.4732510118254265
2011-11-08 08:14:00,0.6317765,0.4732510118254265
2011-11-08 10:02:00,0.6079386,0.4732510118254265
2011-11-09 03:02:00,0.21450675,0.46643147261034
2011-11-13 03:47:00,0.61074936,0.46643147261034
2011-11-14 04:02:00,0.8000792,0.48477363977453947
2011-11-14 04:02:00,0.5826822,0.48477363977453947
2011-11-14 04:10:00,0.6947061,0.48477363977453947
2011-11-14 05:03:00,0.4923591,0.48477363977453947
2011-11-14 06:27:00,0.075694144,0.48477363977453947
2011-11-14 06:49:00,0.5817378,0.48477363977453947
2011-11-14 07:21:00,0.52456033,0.48477363977453947
2011-11-15 06:56:00,0.57522386,0.48524396210366394
2011-11-15 08:58:00,0.5344434,0.48524396210366394
2011-11-21 09:57:00,0.1363607,0.46807760076227556
2011-12-12 05:08:00,0.87852883,0.4760728560953612
2011-12-12 05:27:00,0.5717391,0.4760728560953612
2011-12-13 05:03:00,0.7596156,0.5092298626601388
2011-12-13 06:30:00,0.42635402,0.5092298626601388
2011-12-13 08:19:00,0.55083346,0.5092298626601388
2011-12-13 09:03:00,0.5597681,0.5092298626601388
2011-12-13 09:38:00,0.7007675,0.5092298626601388
2011-12-13 10:09:00,0.0200364,0.5092298626601388
2012-01-10 04:07:00,0.41321808,0.5454438298070072
2012-01-10 04:09:00,0.5499644,0.5454438298070072
2012-01-10 04:12:00,0.606184,0.5454438298070072
2012-01-10 04:20:00,0.59572613,0.5454438298070072
2012-01-10 05:06:00,0.38603312,0.5454438298070072
2012-01-10 05:10:00,0.64253896,0.5454438298070072
2012-01-10 06:01:00,0.39055878,0.5454438298070072
2012-01-10 06:29:00,0.30889526,0.5454438298070072
2012-01-11 03:22:00,0.4410526,0.4165784718857045
2012-01-11 04:25:00,0.4341743,0.4165784718857045
2012-01-11 04:29:00,0.5558293,0.4165784718857045
2012-01-11 06:42:00,0.35083693,0.4165784718857045
2012-01-11 07:28:00,0.5353733,0.4165784718857045
2012-01-11 08:22:00,0.45827994,0.4165784718857045
2012-01-11 08:36:00,0.23252547,0.4165784718857045
2012-01-11 09:05:00,0.20812297,0.4165784718857045
2012-01-11 09:32:00,0.6470191,0.4165784718857045
2012-01-11 09:54:00,0.65355116,0.4165784718857045
2012-01-12 08:35:00,0.0,0.4311581052693144
2012-02-09 08:29:00,0.42982802,0.49841267335230643
2012-02-09 10:26:00,0.42787844,0.49841267335230643
2012-02-14 00:23:00,0.26202947,0.49300410112459336
2012-02-22 09:35:00,0.5424922,0.5435625853429155
2012-02-22 09:59:00,0.72540724,0.5435625853429155
2012-02-24 03:06:00,0.34655458,0.550382124558002
2012-03-10 00:01:00,0.53426254,0.550382124558002
2012-03-12 04:15:00,0.5484568,0.5477953966002235
2012-03-12 04:16:00,0.69176745,0.5477953966002235
2012-03-12 04:32:00,0.4749213,0.5477953966002235
2012-03-12 05:40:00,0.66765714,0.5477953966002235
2012-03-12 05:40:00,0.33532608,0.5477953966002235
2012-03-12 05:42:00,0.5329414,0.5477953966002235
2012-03-12 06:12:00,0.6809717,0.5477953966002235
2012-03-12 06:25:00,0.30321038,0.5477953966002235
2012-03-12 06:44:00,0.39793655,0.5477953966002235
2012-03-13 01:17:00,0.46739537,0.5111111071242306
2012-03-13 03:40:00,0.6370841,0.5111111071242306
2012-03-13 06:40:00,0.3324715,0.5111111071242306
2012-03-13 09:03:00,0.6255294,0.5111111071242306
2012-03-13 09:18:00,0.3173435,0.5111111071242306
2012-03-13 09:24:00,0.47774255,0.5111111071242306
2012-03-13 09:36:00,0.68817973,0.5111111071242306
2012-03-13 09:50:00,0.62318367,0.5111111071242306
2012-04-03 08:24:00,0.5052372,0.5644914356124874
2012-04-03 09:19:00,0.37323406,0.5644914356124874
2012-04-03 09:33:00,0.5729694,0.5644914356124874
2012-04-03 09:39:00,0.57783717,0.5644914356124874
2012-04-04 03:13:00,0.31865424,0.5630805134775201
2012-05-18 06:31:00,0.8085013,0.45631981164860036
2012-05-19 00:01:00,0.2443679,0.45631981164860036
2012-05-21 04:06:00,0.4401145,0.4690182005681185
2012-05-21 04:06:00,0.5945191,0.4690182005681185
2012-05-21 04:07:00,0.5130949,0.4690182005681185
2012-05-21 04:07:00,0.37742242,0.4690182005681185
2012-05-21 04:08:00,0.65878195,0.4690182005681185
2012-05-21 04:11:00,0.6384766,0.4690182005681185
2012-05-21 04:36:00,0.6414968,0.4690182005681185
2012-05-21 04:45:00,0.39715216,0.4690182005681185
2012-05-21 04:48:00,0.18853015,0.4690182005681185
2012-05-21 04:59:00,0.48629588,0.4690182005681185
2012-05-21 05:01:00,0.74389905,0.4690182005681185
2012-05-21 06:31:00,0.19772744,0.4690182005681185
2012-05-22 05:06:00,0.4148317,0.5146384348878519
2012-05-22 10:14:00,0.6059097,0.5146384348878519
2012-06-13 09:30:00,0.5719536,0.4746619339603939
2012-07-09 02:52:00,0.35773242,0.5009994013100849
2012-07-17 00:23:00,0.32495815,0.5731922192916656
2012-08-16 11:12:00,0.34317818,0.5823632804475624
2012-08-18 00:00:00,0.18328899,0.5823632804475624
2012-08-20 04:08:00,0.5829125,0.5894179808272111
2012-08-20 04:08:00,0.44452003,0.5894179808272111
2012-08-20 04:09:00,0.53374183,0.5894179808272111
2012-08-20 04:23:00,0.3523526,0.5894179808272111
2012-08-20 04:31:00,0.6787271,0.5894179808272111
2012-08-20 04:42:00,0.546203,0.5894179808272111
2012-08-20 04:59:00,0.3220715,0.5894179808272111
2012-08-20 06:22:00,0.38065854,0.5894179808272111
2012-08-20 06:52:00,0.3284027,0.5894179808272111
2012-08-21 02:37:00,0.36637652,0.7234567498116647
2012-08-21 04:24:00,0.422121,0.7234567498116647
2012-08-21 04:27:00,0.4329792,0.7234567498116647
2012-08-21 05:01:00,0.75911844,0.7234567498116647
2012-08-21 05:11:00,0.3632309,0.7234567498116647
2012-08-21 05:44:00,0.7911664,0.7234567498116647
2012-08-21 06:50:00,0.19998038,0.7234567498116647
2012-08-21 07:29:00,0.3268669,0.7234567498116647
2012-08-21 07:30:00,0.51216793,0.7234567498116647
2012-08-21 07:44:00,0.31713742,0.7234567498116647
2012-08-21 08:30:00,0.28195772,0.7234567498116647
2012-08-21 09:11:00,0.28132933,0.7234567498116647
2012-08-21 10:15:00,0.4973809,0.7234567498116647
2012-09-13 00:54:00,0.26473093,0.7827160177091651
2012-09-13 07:56:00,0.26885286,0.7827160177091651
2012-09-13 07:56:00,0.6612919,0.7827160177091651
2012-09-13 07:56:00,0.42721358,0.7827160177091651
2012-09-13 07:56:00,0.58047616,0.7827160177091651
2012-09-13 07:56:00,0.45771638,0.7827160177091651
2012-09-13 08:11:00,0.45437372,0.7827160177091651
2012-10-11 11:23:00,0.25095394,0.7232216334995085
2012-11-02 10:31:00,0.2759266,0.7135802500144873
2012-11-13 04:53:00,0.6172836,0.6992357329430336
2012-11-17 06:01:00,0.20352095,0.6992357329430336
2012-11-19 04:11:00,0.5807793,0.7255731554403188
2012-11-19 04:24:00,0.39322957,0.7255731554403188
2012-11-19 04:26:00,0.56394297,0.7255731554403188
2012-11-19 04:44:00,0.779815,0.7255731554403188
2012-11-19 05:21:00,0.20259964,0.7255731554403188
2012-11-19 09:51:00,0.3196307,0.7255731554403188
2012-11-20 09:46:00,0.45398897,0.7194591445713249
2012-12-11 10:05:00,0.4582623,0.7627278120978421
2012-12-18 01:43:00,0.27255765,0.7871839452786294
2012-12-18 01:59:00,0.17619121,0.7871839452786294
2012-12-19 11:29:00,0.77325684,0.7987066180801483
2012-12-26 04:32:00,0.3889592,0.7530864286128209
2012-12-26 09:46:00,0.21351212,0.7530864286128209
2012-12-31 00:53:00,0.3383501,0.779423851110106
2013-01-02 10:05:00,0.36109507,0.8175190627210662
2013-01-04 10:01:00,0.7131591,0.8271604462060874
2013-01-09 03:25:00,0.68714005,0.8121104904933532
2013-01-09 10:01:00,0.6718445,0.8121104904933532
2013-01-10 08:17:00,0.6796655,0.8565549189902755
2013-01-10 08:32:00,0.6575184,0.8565549189902755
2013-01-10 11:05:00,0.49205887,0.8565549189902755
2013-01-28 10:38:00,0.49033126,0.8680775917917944
2013-02-15 10:37:00,0.5693276,0.8248089242652772
2013-03-08 09:34:00,0.8943126,0.8252792465944017
2013-03-11 04:22:00,0.45507243,0.8297471741638659
2013-03-11 05:28:00,0.24711633,0.8297471741638659
2013-03-11 06:28:00,0.646153,0.8297471741638659
2013-03-11 06:38:00,0.88792825,0.8297471741638659
2013-03-11 07:47:00,0.6838524,0.8297471741638659
2013-04-02 02:19:00,0.5710183,0.7914167565359375
2013-04-02 08:58:00,0.42192072,0.7914167565359375
2013-05-20 04:03:00,0.7668758,0.9000587925337609
2013-05-20 04:22:00,0.6784302,0.9000587925337609
2013-05-20 04:41:00,0.57719696,0.9000587925337609
2013-05-20 04:48:00,0.5120859,0.9000587925337609
2013-05-20 09:12:00,0.26171508,0.9000587925337609
2013-05-21 10:06:00,0.2367166,0.8713697583908535
2013-06-23 05:31:00,0.7251394,0.8713697583908535
2013-08-06 01:09:00,0.6597707,0.8525573137499356
2013-08-18 04:04:00,0.63121474,0.8525573137499356
2013-08-18 09:35:00,0.41568074,0.8525573137499356
2013-08-19 04:04:00,0.5977131,0.7925925175063425
2013-08-19 04:30:00,0.75620854,0.7925925175063425
2013-08-19 04:44:00,0.61391747,0.7925925175063425
2013-08-19 05:19:00,0.6404015,0.7925925175063425
2013-08-19 06:26:00,0.42101476,0.7925925175063425
2013-08-19 09:22:00,0.3135672,0.7925925175063425
2013-08-20 02:34:00,0.6226065,0.8694884690743558
2013-08-20 04:18:00,0.34173653,0.8694884690743558
2013-08-20 04:20:00,0.4625839,0.8694884690743558
2013-08-20 06:27:00,0.42521012,0.8694884690743558
2013-08-20 09:06:00,0.3055815,0.8694884690743558
2013-08-20 09:21:00,0.7315138,0.8694884690743558
2013-08-20 09:47:00,0.49769557,0.8694884690743558
2013-08-23 04:44:00,0.3348476,0.860317407918459
2013-08-28 06:22:00,0.39357448,0.8403292023071359
2013-09-09 06:55:00,0.30153957,0.858201002289805
2013-09-10 01:07:00,0.2939722,0.7556730668657874
2013-09-10 01:18:00,0.32390767,0.7556730668657874
2013-09-10 04:28:00,0.4450404,0.7556730668657874
2013-09-10 09:34:00,0.43001938,0.7556730668657874
2013-09-13 07:00:00,0.24985254,0.75637859521188
2013-10-07 04:34:00,0.6739713,0.6924161937279472
2013-10-11 04:30:00,0.28581443,0.6980599719726285
2013-10-11 06:15:00,0.32967108,0.6980599719726285
2013-11-18 04:04:00,0.50613713,0.7860081843082243
2013-11-18 04:05:00,0.52059674,0.7860081843082243
2013-11-18 04:06:00,0.61919236,0.7860081843082243
2013-11-18 04:17:00,0.3913944,0.7860081843082243
2013-11-18 05:31:00,0.69816387,0.7860081843082243
2013-11-18 06:33:00,0.3529271,0.7860081843082243
2013-11-18 07:40:00,0.61537004,0.7860081843082243
2013-11-18 09:06:00,0.4755022,0.7860081843082243
2013-11-19 04:25:00,0.5787477,0.7782480901397009
2013-11-19 05:30:00,0.28101495,0.7782480901397009
2013-11-19 06:00:00,0.425857,0.7782480901397009
2013-11-24 08:00:00,0.31484145,0.7782480901397009
2013-12-02 04:15:00,0.23705977,0.739447350182648
2013-12-06 09:18:00,0.4465489,0.7001763776012825
2013-12-11 04:26:00,0.63435596,0.7201645832126056
2013-12-12 07:39:00,0.20844132,0.7004114939134388
2013-12-26 04:17:00,0.55075496,0.7368606222248695
2013-12-26 04:21:00,0.82325333,0.7368606222248695
2014-01-02 04:15:00,0.5916254,0.7422691944525827
2014-01-02 04:23:00,0.5463056,0.7422691944525827
2014-01-27 01:36:00,0.45424294,0.7069958271115571
2014-01-27 05:27:00,0.7080049,0.7069958271115571
2014-02-10 01:22:00,0.7063008,0.7154614496261731
2014-02-10 04:05:00,0.7856838,0.7154614496261731
2014-02-10 04:06:00,0.7031108,0.7154614496261731
2014-02-10 04:11:00,0.785719,0.7154614496261731
2014-02-10 06:55:00,0.45984843,0.7154614496261731
2014-02-11 05:47:00,0.36528137,0.691240432757542
2014-03-09 03:00:00,0.6686253,0.691240432757542
2014-03-10 04:20:00,0.4293182,0.7359199775666206
2014-03-10 05:24:00,0.43805206,0.7359199775666206
2014-03-10 05:52:00,0.45126155,0.7359199775666206
2014-03-10 06:15:00,0.6881406,0.7359199775666206
2014-03-10 06:25:00,0.34444994,0.7359199775666206
2014-03-11 04:31:00,0.5691557,0.6982950882847848
2014-03-11 04:37:00,0.73651195,0.6982950882847848
2014-03-11 05:30:00,0.4428746,0.6982950882847848
2014-03-11 09:13:00,0.39485604,0.6982950882847848
2014-03-11 09:31:00,0.71286523,0.6982950882847848
2014-05-15 03:34:00,0.47065118,0.6853615382007044
2014-05-18 05:09:00,0.22650239,0.6853615382007044
2014-05-19 04:04:00,0.47384918,0.7044090991537786
2014-05-19 04:04:00,0.48305625,0.7044090991537786
2014-05-19 04:04:00,0.48366433,0.7044090991537786
2014-05-19 04:18:00,0.2074076,0.7044090991537786
2014-05-19 04:18:00,0.7210589,0.7044090991537786
2014-05-19 04:28:00,0.4793074,0.7044090991537786
2014-05-19 04:48:00,0.43190068,0.7044090991537786
2014-05-19 05:03:00,0.33466908,0.7044090991537786
2014-05-19 05:05:00,0.604653,0.7044090991537786
2014-05-19 09:23:00,0.7529196,0.7044090991537786
2014-05-20 04:08:00,0.91616225,0.6293944369022632
2014-05-20 04:31:00,0.74445546,0.6293944369022632
2014-05-20 04:51:00,0.7348947,0.6293944369022632
2014-05-20 08:55:00,0.90584517,0.6293944369022632
2014-05-20 09:05:00,0.3578654,0.6293944369022632
2014-05-20 09:34:00,0.6906253,0.6293944369022632
2014-05-20 10:23:00,0.69598716,0.6293944369022632
2014-05-28 02:59:00,0.08030975,0.6310405202017928
2014-05-29 09:50:00,0.1481725,0.6362139761173496
2014-06-10 03:35:00,0.7836961,0.6390358203872843
2014-06-18 10:02:00,0.27833727,0.6514990481422402
2014-07-01 02:28:00,0.6138671,0.639741259028565
2014-07-01 08:30:00,0.40855318,0.639741259028565
2014-07-01 09:31:00,0.6295477,0.639741259028565
2014-08-05 00:32:00,0.04292822,0.7015872548838439
2014-08-05 09:40:00,0.47992247,0.7015872548838439
2014-08-07 00:45:00,0.22251898,0.7084067940989304
2014-08-18 04:09:00,0.5540078,0.7220457828242914
2014-08-18 04:10:00,0.6969104,0.7220457828242914
2014-08-18 04:15:00,0.21481353,0.7220457828242914
2014-08-18 04:21:00,0.52446294,0.7220457828242914
2014-08-18 05:23:00,0.49993798,0.7220457828242914
2014-08-18 06:29:00,0.35609677,0.7220457828242914
2014-08-18 06:49:00,0.57935894,0.7220457828242914
2014-08-19 04:32:00,0.6320336,0.7613168451104687
2014-09-11 10:20:00,0.4490374,0.7667254173381819
2014-09-15 02:25:00,0.38206342,0.7575543561822852
2014-09-25 08:26:00,0.61530775,0.7361551835835888
2014-10-16 04:16:00,0.40539414,0.6665490935597865
2014-10-16 04:24:00,0.5097275,0.6665490935597865
2014-10-16 05:05:00,0.67995626,0.6665490935597865
2014-10-16 06:23:00,0.40961388,0.6665490935597865
2014-10-17 04:34:00,0.72060615,0.550382124558002
2014-10-17 08:19:00,0.6392928,0.550382124558002
2014-10-17 08:31:00,0.4961059,0.550382124558002
2014-10-17 08:31:00,0.5022363,0.550382124558002
2014-10-17 08:36:00,0.5022363,0.550382124558002
2014-10-17 08:45:00,0.5243564,0.550382124558002
2014-10-17 09:34:00,0.56066394,0.550382124558002
2014-10-20 06:03:00,0.34818816,0.5637859969712067
2014-11-04 01:19:00,0.3948972,0.5522633690220937
2014-11-17 04:01:00,0.38327488,0.5788359526839411
2014-11-17 04:02:00,0.4073354,0.5788359526839411
2014-11-17 04:02:00,0.62715906,0.5788359526839411
2014-11-17 04:03:00,0.5957124,0.5788359526839411
2014-11-17 04:03:00,0.98937845,0.5788359526839411
2014-11-17 04:12:00,0.518525,0.5788359526839411
2014-11-17 04:43:00,0.3258507,0.5788359526839411
2014-11-17 04:43:00,0.43047595,0.5788359526839411
2014-11-17 06:01:00,0.69816387,0.5788359526839411
2014-11-17 06:12:00,0.37337288,0.5788359526839411
2014-11-17 09:11:00,0.21242106,0.5788359526839411
2014-11-18 02:38:00,0.22871327,0.5308641964233973
2014-11-18 04:35:00,0.43868992,0.5308641964233973
2014-11-18 04:41:00,0.67700815,0.5308641964233973
2014-11-18 07:33:00,0.6406511,0.5308641964233973
2014-11-18 09:03:00,0.4737854,0.5308641964233973
2014-11-18 09:32:00,0.551828,0.5308641964233973
2014-11-20 06:27:00,0.39923325,0.5971781198481405
2014-11-24 04:57:00,0.40273896,0.6338623644717274
2014-12-11 05:56:00,0.3240859,0.6131687202191237
2014-12-11 09:24:00,0.2842068,0.6131687202191237
2014-12-11 09:31:00,0.41320086,0.6131687202191237
2015-01-08 02:09:00,0.6924225,0.7166372105965783
2015-01-08 08:37:00,0.39346048,0.7166372105965783
2015-01-08 11:42:00,0.28738132,0.7166372105965783
2015-02-09 04:08:00,0.78724,0.7124043993392702
2015-02-09 04:29:00,0.18156618,0.7124043993392702
2015-02-09 04:55:00,0.6690744,0.7124043993392702
2015-02-09 05:44:00,0.4408929,0.7124043993392702
2015-02-10 09:32:00,0.4192635,0.7298059666976268
2015-02-11 02:51:00,0.3134818,0.739447350182648
2015-02-13 11:44:00,0.54839694,0.7584950008405341
2015-02-26 04:39:00,0.49346432,0.7556730668657874
2015-03-08 07:00:00,0.20851326,0.7556730668657874
2015-03-09 04:02:00,0.56573874,0.7829511340213213
2015-03-09 04:03:00,0.41044584,0.7829511340213213
2015-03-09 04:03:00,0.71913093,0.7829511340213213
2015-03-09 04:04:00,0.75161356,0.7829511340213213
2015-03-09 04:18:00,0.7094762,0.7829511340213213
2015-03-09 04:41:00,0.25110662,0.7829511340213213
2015-03-09 07:11:00,0.4406001,0.7829511340213213
2015-03-10 00:09:00,0.14168775,0.8899470867196153
2015-03-10 02:02:00,0.7330574,0.8899470867196153
2015-03-10 03:34:00,0.6185346,0.8899470867196153
2015-03-10 04:45:00,0.32738972,0.8899470867196153
2015-03-10 06:05:00,0.26297328,0.8899470867196153
2015-03-10 07:52:00,0.5340751,0.8899470867196153
2015-03-10 07:56:00,0.4806022,0.8899470867196153
2015-03-10 09:30:00,0.43437502,0.8899470867196153
2015-03-10 10:03:00,0.30546167,0.8899470867196153
2015-03-27 01:11:00,0.6995936,0.9231040484319868
2015-04-13 00:29:00,0.3378979,0.887595475073993
2015-04-14 09:30:00,0.52005565,0.8854790694453389
2015-04-18 08:30:00,0.79330474,0.8854790694453389
2015-04-21 08:49:00,0.22055155,0.8447971298766003
2015-05-14 09:31:00,0.47648567,0.7782480901397009
2015-05-17 09:00:00,0.4841968,0.7782480901397009
2015-05-18 04:02:00,0.5470795,0.8114050518520725
2015-05-18 04:02:00,0.3957588,0.8114050518520725
2015-05-18 04:03:00,0.86530185,0.8114050518520725
2015-05-18 04:03:00,0.4147825,0.8114050518520725
2015-05-18 04:04:00,0.60697365,0.8114050518520725
2015-05-18 04:05:00,0.79572415,0.8114050518520725
2015-05-18 04:13:00,0.45920256,0.8114050518520725
2015-05-18 04:31:00,0.37433505,0.8114050518520725
2015-05-18 05:44:00,0.43512,0.8114050518520725
2015-05-18 09:09:00,0.6157075,0.8114050518520725
2015-05-19 02:02:00,0.60854024,0.6677248545301917
2015-05-19 05:17:00,0.34457254,0.6677248545301917
2015-05-19 07:30:00,0.45812392,0.6677248545301917
2015-05-19 07:31:00,0.6117708,0.6677248545301917
2015-05-19 07:33:00,0.4532167,0.6677248545301917
2015-05-19 07:38:00,0.68923444,0.6677248545301917
2015-05-19 09:28:00,0.23909387,0.6677248545301917
2015-05-19 09:32:00,0.54861253,0.6677248545301917
2015-05-19 10:43:00,0.62373596,0.6677248545301917
2015-06-01 06:01:00,0.32097676,0.6759552710278395
2015-06-12 03:20:00,0.42781726,0.6895943494580125
2015-06-12 09:39:00,0.40997118,0.6895943494580125
2015-06-12 09:40:00,0.72241896,0.6895943494580125
2015-06-12 09:42:00,0.508307,0.6895943494580125
2015-06-18 03:03:00,0.3992604,0.6815990492725209
2015-06-30 09:32:00,0.28182736,0.6768959156860884
2015-07-14 00:11:00,0.38558298,0.7065255047824326
2015-07-14 00:11:00,0.3947743,0.7065255047824326
2015-07-14 00:12:00,0.32668194,0.7065255047824326
2015-07-14 00:27:00,0.4135503,0.7065255047824326
2015-07-14 05:57:00,0.36780518,0.7065255047824326
2015-08-16 06:01:00,0.6549896,0.7065255047824326
2015-08-17 04:13:00,0.28720254,0.6117577532317504
2015-08-17 04:48:00,0.68300974,0.6117577532317504
2015-08-17 06:12:00,0.41291258,0.6117577532317504
2015-08-18 06:01:00,0.30763343,0.5957671528607672
2015-08-18 08:06:00,0.46549073,0.5957671528607672
2015-08-18 08:50:00,0.070908844,0.5957671528607672
2015-09-08 08:05:00,0.2403436,0.5828336027766868
2015-09-09 06:24:00,0.0847373,0.5750734637557574
2015-09-22 03:19:00,0.4310646,0.5416813408788237
2015-10-09 08:38:00,0.31793916,0.5880070138398378
2015-10-09 10:27:00,0.33246362,0.5880070138398378
2015-10-14 03:18:00,0.33582482,0.5619047525071149
2015-10-16 09:31:00,0.42952734,0.5435625853429155
2015-10-19 07:49:00,0.5989693,0.5176954403223488
2015-10-19 07:50:00,0.442375,0.5176954403223488
2015-10-19 07:54:00,0.39916041,0.5176954403223488
2015-10-19 07:55:00,0.38227227,0.5176954403223488
2015-10-19 08:08:00,0.35919598,0.5176954403223488
2015-10-19 08:25:00,0.39084706,0.5176954403223488
2015-10-20 10:01:00,0.51326746,0.5176954403223488
2015-10-22 05:01:00,0.47642946,0.5129923515883223
2015-11-11 02:20:00,0.39111942,0.47912990638226416
2015-11-15 08:00:00,0.5357875,0.47912990638226416
2015-11-16 00:34:00,0.7065583,0.38694883793695434
2015-11-16 04:07:00,0.357223,0.38694883793695434
2015-11-16 04:11:00,0.4182349,0.38694883793695434
2015-11-16 04:13:00,0.66167784,0.38694883793695434
2015-11-16 04:15:00,0.39890352,0.38694883793695434
2015-11-16 04:33:00,0.80308294,0.38694883793695434
2015-11-16 05:52:00,0.36563796,0.38694883793695434
2015-11-16 08:40:00,0.43597576,0.38694883793695434
2015-11-17 03:09:00,0.3128698,0.3664902651441009
2015-11-17 07:18:00,0.42340925,0.3664902651441009
2015-11-17 07:19:00,0.8133551,0.3664902651441009
2015-11-17 07:20:00,0.6542909,0.3664902651441009
2015-11-17 07:23:00,0.37603873,0.3664902651441009
2015-11-17 07:24:00,0.39411616,0.3664902651441009
2015-11-17 07:26:00,0.45558143,0.3664902651441009
2015-11-17 08:06:00,0.6300161,0.3664902651441009
2015-11-17 08:06:00,0.412328,0.3664902651441009
2015-11-17 08:13:00,0.49410552,0.3664902651441009
2015-11-17 08:14:00,0.50323784,0.3664902651441009
2015-11-17 08:15:00,0.39934462,0.3664902651441009
2015-11-17 08:15:00,0.5414876,0.3664902651441009
2015-11-17 08:16:00,0.5762055,0.3664902651441009
2015-11-17 08:54:00,0.45357767,0.3664902651441009
2015-11-17 09:17:00,0.07754016,0.3664902651441009
2015-11-17 09:34:00,0.58006746,0.3664902651441009
2015-11-17 11:16:00,0.44725272,0.3664902651441009
2015-11-20 09:41:00,0.19027716,0.39470897695788376
2015-11-27 10:42:00,0.28805918,0.40999409383518026
2015-12-03 07:41:00,0.30790025,0.3472074981740586
2015-12-09 02:25:00,0.6806893,0.37801293794561985
2016-01-07 04:10:00,0.36277288,0.3761316486291221
2016-01-07 04:12:00,0.5149301,0.3761316486291221
2016-01-07 04:20:00,0.375098,0.3761316486291221
2016-02-09 04:11:00,0.5130041,0.40858317170021297
2016-02-09 04:12:00,0.6540315,0.40858317170021297
2016-02-09 04:14:00,0.6574244,0.40858317170021297
2016-02-09 04:26:00,0.7703986,0.40858317170021297
2016-02-09 05:01:00,0.37883854,0.40858317170021297
2016-02-10 07:49:00,0.44691673,0.4262198553707257
2016-02-26 03:29:00,0.45389995,0.48124631201091816
2016-03-03 09:41:00,0.7070944,0.4988829956814309
2016-03-07 04:07:00,0.5238803,0.5160493570228193
2016-03-07 04:07:00,0.41050074,0.5160493570228193
2016-03-07 04:09:00,0.48695517,0.5160493570228193
2016-03-07 04:19:00,0.42178208,0.5160493570228193
2016-03-07 04:42:00,0.29857057,0.5160493570228193
2016-03-07 10:17:00,0.4444844,0.5160493570228193
2016-03-08 01:39:00,0.62602305,0.6225748976871767
2016-03-08 05:01:00,0.5313864,0.6225748976871767
2016-03-08 07:23:00,0.4778148,0.6225748976871767
2016-03-08 07:29:00,0.47271872,0.6225748976871767
2016-03-08 07:29:00,0.4635042,0.6225748976871767
2016-03-08 07:47:00,0.44868752,0.6225748976871767
2016-03-08 07:48:00,0.6401102,0.6225748976871767
2016-03-08 07:50:00,0.5911551,0.6225748976871767
2016-03-08 08:48:00,0.37355417,0.6225748976871767
2016-03-08 09:06:00,0.5328236,0.6225748976871767
2016-03-08 09:13:00,0.5787348,0.6225748976871767
2016-03-08 09:15:00,0.35402822,0.6225748976871767
2016-03-08 09:46:00,0.49814105,0.6225748976871767
2016-03-08 10:57:00,0.49907202,0.6225748976871767
2016-03-21 11:42:00,0.36600402,0.6385654980581599
2016-04-01 02:53:00,0.35274696,0.6601998766738245
2016-04-01 03:28:00,0.4487722,0.6601998766738245
2016-04-01 09:35:00,0.64003253,0.6601998766738245
2016-04-13 04:00:00,0.6244696,0.5851851695699031
2016-05-07 07:32:00,0.35417214,0.5851851695699031
2016-05-17 09:14:00,0.38758907,0.45208700039129235
2016-05-18 06:30:00,0.24183065,0.43209874992756336
2016-05-19 09:34:00,0.5616073,0.5125220292591979
2016-05-20 00:40:00,0.56908125,0.5235743348791865
2016-05-23 02:35:00,0.24792627,0.5193415236218784
2016-05-25 04:29:00,0.87513345,0.5313344739001158
2016-06-01 03:17:00,0.29463443,0.5334508795287698
2016-06-09 04:27:00,0.7851655,0.5106407847951061
2016-06-09 04:40:00,0.7440513,0.5106407847951061
2016-06-09 05:36:00,0.31172296,0.5106407847951061
2016-06-10 01:44:00,0.21487963,0.47278068949630203
2016-06-10 08:27:00,0.42003608,0.47278068949630203
2016-06-10 08:32:00,0.28259453,0.47278068949630203
2016-06-10 08:32:00,0.24687171,0.47278068949630203
2016-06-10 09:42:00,0.32315803,0.47278068949630203
2016-06-13 10:03:00,0.78122073,0.464315066981686
2016-07-08 09:27:00,0.6476415,0.53791885195064
2016-07-12 07:31:00,0.2682578,0.5520282078575315
2016-07-25 08:59:00,0.38143286,0.5586125410556498
2016-08-06 00:04:00,0.14743233,0.5586125410556498
2016-08-16 04:06:00,0.3839412,0.5884773361689623
2016-08-16 04:07:00,0.49893522,0.5884773361689623
2016-08-16 04:08:00,0.3326182,0.5884773361689623
2016-08-16 04:15:00,0.3389322,0.5884773361689623
2016-08-16 05:27:00,0.32229173,0.5884773361689623
2016-08-17 04:11:00,0.67557496,0.7015872548838439
2016-08-17 07:18:00,0.48113745,0.7015872548838439
2016-08-17 07:32:00,0.4752472,0.7015872548838439
2016-08-17 07:38:00,0.51085687,0.7015872548838439
2016-08-17 07:40:00,0.4474041,0.7015872548838439
2016-08-17 07:47:00,0.7139239,0.7015872548838439
2016-08-17 07:52:00,0.5006123,0.7015872548838439
2016-08-17 08:22:00,0.39864868,0.7015872548838439
2016-08-17 09:08:00,0.42453387,0.7015872548838439
2016-08-17 09:34:00,0.29714978,0.7015872548838439
2016-08-17 09:42:00,0.5923156,0.7015872548838439
2016-08-17 10:22:00,0.57641464,0.7015872548838439
2016-08-17 10:35:00,0.55073965,0.7015872548838439
2016-08-18 06:56:00,0.49088812,0.718518499913076
2016-08-19 07:21:00,0.45780337,0.7429747227986753
2016-08-22 08:48:00,0.5489441,0.7203996995247618
2016-08-22 08:48:00,0.51874816,0.7203996995247618
2016-08-30 07:00:00,0.3751272,0.7058200661411519
2016-09-06 04:42:00,0.6279646,0.6813638432555527
2016-09-08 09:25:00,0.17311227,0.7086419104110866
2016-09-08 11:34:00,0.14482474,0.7086419104110866
2016-09-10 02:28:00,0.555581,0.7086419104110866
2016-10-03 03:18:00,0.7340449,0.6719576657874997
2016-10-31 00:07:00,0.26544657,0.6404467873746577
2016-11-10 07:29:00,0.46590218,0.7091122327402111
2016-11-10 11:48:00,0.5317925,0.7091122327402111
2016-11-11 05:06:00,0.31860825,0.7443856000812367
2016-11-14 03:39:00,0.123357475,0.7768371231523276
2016-11-14 11:28:00,0.5899432,0.7768371231523276
2016-11-17 10:28:00,0.12540501,0.7669606233551501
2016-11-19 08:00:00,0.26921573,0.7669606233551501
2016-11-22 00:59:00,0.19459385,0.7711933449076461
2016-11-22 02:40:00,0.5233735,0.7711933449076461
2016-11-22 04:06:00,0.5356455,0.7711933449076461
2016-11-22 04:08:00,0.5388502,0.7711933449076461
2016-11-22 04:09:00,0.42727503,0.7711933449076461
2016-11-22 04:15:00,0.45284083,0.7711933449076461
2016-11-22 05:31:00,0.4871385,0.7711933449076461
2016-11-22 05:47:00,0.38868684,0.7711933449076461
2016-11-22 08:52:00,0.47533464,0.7711933449076461
2016-11-23 04:06:00,0.3255277,0.6606701990029489
2016-11-23 04:47:00,0.37373808,0.6606701990029489
2016-11-23 07:17:00,0.5989693,0.6606701990029489
2016-11-23 07:18:00,0.46407825,0.6606701990029489
2016-11-23 10:13:00,0.65135574,0.6606701990029489
2016-11-23 11:29:00,0.20606726,0.6606701990029489
2016-11-26 00:01:00,0.25489154,0.6606701990029489
2016-11-28 04:28:00,0.36279187,0.6159905644890584
2016-12-13 11:20:00,0.07904905,0.6143444811895289
2016-12-16 08:54:00,0.14165401,0.572486735797979
2016-12-23 00:58:00,0.7119042,0.5221634127442191
2016-12-23 03:17:00,0.5656379,0.5221634127442191
2016-12-25 02:40:00,0.6855629,0.5221634127442191
2016-12-28 11:46:00,0.2188958,0.529453229436024
2017-01-03 01:59:00,0.401237,0.5259259016724027
2017-01-09 04:10:00,0.48120373,0.4864197230740691
2017-01-09 07:54:00,0.5190228,0.4864197230740691
2017-01-09 07:55:00,0.70767474,0.4864197230740691
2017-01-09 07:55:00,0.59846383,0.4864197230740691
2017-01-09 07:56:00,0.42287868,0.4864197230740691
2017-01-09 08:13:00,0.38819888,0.4864197230740691
2017-01-09 09:57:00,0.6362926,0.4864197230740691
2017-01-10 06:49:00,0.43992415,0.5026454846096144
2017-01-10 09:02:00,0.35502222,0.5026454846096144
2017-01-19 10:15:00,0.537954,0.4697236840618052
2017-02-02 01:50:00,0.349974,0.470664283867648
2017-02-02 08:58:00,0.40841654,0.470664283867648
2017-02-02 08:59:00,0.68588316,0.470664283867648
2017-02-04 00:01:00,0.27899674,0.470664283867648
2017-02-04 11:39:00,0.48437488,0.470664283867648
2017-02-07 04:10:00,0.6405538,0.4650205504753727
2017-02-07 04:11:00,0.61574954,0.4650205504753727
2017-02-07 04:12:00,0.7510697,0.4650205504753727
2017-02-07 04:24:00,0.84170705,0.4650205504753727
2017-02-08 00:52:00,0.22384676,0.4807759896817937
2017-02-08 03:00:00,0.36019436,0.4807759896817937
2017-02-08 07:29:00,0.40182918,0.4807759896817937
2017-02-09 01:22:00,0.41421953,0.4857142844327884
2017-02-27 03:44:00,0.28239426,0.48383303996869653
2017-02-27 10:32:00,0.41343558,0.48383303996869653
2017-02-27 10:33:00,0.41243428,0.48383303996869653
2017-02-27 10:46:00,0.51172423,0.48383303996869653
2017-02-27 11:21:00,0.4132546,0.48383303996869653
2017-02-27 11:41:00,0.18451071,0.48383303996869653
2017-03-01 06:15:00,0.099273145,0.4530276001971353
2017-03-01 10:40:00,0.29968527,0.4530276001971353
2017-03-06 08:41:00,0.38662133,0.45773073378356777
2017-03-07 04:12:00,0.3587702,0.45138151689760575
2017-03-07 05:47:00,0.32328644,0.45138151689760575
2017-03-07 11:21:00,0.4899017,0.45138151689760575
2017-03-08 01:10:00,0.22119874,0.4358612388557469
2017-03-08 04:11:00,0.124979556,0.4358612388557469
2017-03-08 07:44:00,0.4104025,0.4358612388557469
2017-03-08 08:48:00,0.3880681,0.4358612388557469
2017-03-08 09:27:00,0.3896407,0.4358612388557469
2017-03-08 09:51:00,0.5569123,0.4358612388557469
2017-03-08 10:36:00,0.1791212,0.4358612388557469
2017-03-08 10:36:00,0.48612058,0.4358612388557469
2017-03-08 10:48:00,0.2758133,0.4358612388557469
2017-03-08 11:19:00,0.32372478,0.4358612388557469
2017-03-10 05:51:00,0.45968568,0.44573778350533033
2017-03-11 11:27:00,0.5164396,0.44573778350533033
2017-03-11 11:28:00,0.4556786,0.44573778350533033
2017-03-14 03:21:00,0.3405617,0.414932388586175
2017-03-14 10:32:00,0.6811756,0.414932388586175
2017-03-22 08:16:00,0.5499923,0.38788943774279727
2017-04-04 00:31:00,0.05805707,0.3827160266796463
2017-04-04 09:54:00,0.4024882,0.3827160266796463
2017-04-04 09:54:00,0.36549667,0.3827160266796463
2017-05-11 04:21:00,0.28886545,0.394944138122446
2017-05-12 03:23:00,0.25420466,0.36202233757463664
2017-05-15 04:52:00,0.19251186,0.3465020595327779
2017-05-17 01:27:00,0.6474875,0.3147560199553736
2017-05-17 07:16:00,0.5425013,0.3147560199553736
2017-05-17 07:26:00,0.46010065,0.3147560199553736
2017-05-17 07:41:00,0.5252341,0.3147560199553736
2017-05-17 11:14:00,0.34220958,0.3147560199553736
2017-05-21 01:18:00,0.65833515,0.3147560199553736
2017-05-22 00:01:00,0.4905873,0.30393883064754135
2017-05-24 07:18:00,0.3974556,0.2959435304620498
2017-06-08 01:09:00,0.22462839,0.2383303907164849
2017-06-08 03:43:00,0.30303568,0.2383303907164849
2017-06-08 07:45:00,0.11491263,0.2383303907164849
2017-06-08 07:47:00,0.5715121,0.2383303907164849
2017-06-09 07:05:00,0.4732033,0.2681951858297973
2017-06-09 10:54:00,0.5613926,0.2681951858297973
2017-06-15 01:32:00,0.44678375,0.2813638970784399
2017-06-15 07:32:00,0.5401122,0.2813638970784399
2017-07-01 01:32:00,0.49938858,0.2813638970784399
2017-07-03 01:56:00,0.4778859,0.30252790851257405
2017-07-24 05:02:00,0.66976976,0.26466781321377
2017-07-31 07:32:00,0.7311657,0.3145208587908114
2017-08-09 05:34:00,0.37886775,0.2841857413483746
2017-08-15 04:05:00,0.49859834,0.24938269633647345
2017-08-15 04:06:00,0.52581704,0.24938269633647345
2017-08-15 04:07:00,0.51073354,0.24938269633647345
2017-08-15 04:17:00,0.38489038,0.24938269633647345
2017-08-16 01:02:00,0.20492655,0.31851850888355726
2017-08-16 04:37:00,0.714607,0.31851850888355726
2017-08-16 07:16:00,0.4481904,0.31851850888355726
2017-08-16 07:18:00,0.4725783,0.31851850888355726
2017-08-16 07:18:00,0.6590971,0.31851850888355726
2017-08-16 07:28:00,0.4386762,0.31851850888355726
2017-08-16 07:35:00,0.34957758,0.31851850888355726
2017-08-16 09:37:00,0.48825803,0.31851850888355726
2017-08-16 10:12:00,0.22464228,0.31851850888355726
2017-08-17 07:57:00,0.59699106,0.2992357419135149
2017-08-18 11:28:00,0.26837033,0.3069958809344443
2017-08-19 00:38:00,0.3182425,0.3069958809344443
2017-08-19 04:21:00,0.30864495,0.3069958809344443
2017-08-19 04:21:00,0.55291486,0.3069958809344443
2017-08-22 06:59:00,0.36853513,0.31146380850390853
2017-08-30 07:18:00,0.51521575,0.33098178149091906
2017-09-08 07:03:00,0.58213544,0.3622574987391989
2017-09-14 11:14:00,0.39020804,0.3893004047301706
2017-09-14 11:56:00,0.19656777,0.3893004047301706
2017-10-03 05:34:00,0.4132975,0.39729570491566224
2017-10-03 10:02:00,0.34222522,0.39729570491566224
2017-11-03 04:37:00,0.3611387,0.4351557553620603
2017-11-15 03:40:00,0.36669517,0.45773073378356777
2017-11-20 04:06:00,0.46330014,0.5186360849805978
2017-11-20 04:07:00,0.3236953,0.5186360849805978
2017-11-20 04:07:00,0.6559535,0.5186360849805978
2017-11-20 04:09:00,0.43121597,0.5186360849805978
2017-11-20 04:17:00,0.25934103,0.5186360849805978
2017-11-20 07:50:00,0.5145715,0.5186360849805978
2017-11-20 09:20:00,0.7441351,0.5186360849805978
2017-11-21 07:35:00,0.35040912,0.5433274241783532
2017-11-21 07:50:00,0.49270663,0.5433274241783532
2017-11-21 07:51:00,0.47685993,0.5433274241783532
2017-11-21 07:54:00,0.5772327,0.5433274241783532
2017-11-21 08:09:00,0.54543674,0.5433274241783532
2017-11-21 08:11:00,0.54166144,0.5433274241783532
2017-11-21 09:03:00,0.4596428,0.5433274241783532
2017-11-22 03:37:00,0.5583222,0.554614890962904
2017-11-24 07:31:00,0.19525486,0.5630805134775201
2017-11-24 08:10:00,0.32506895,0.5630805134775201
2017-11-27 01:32:00,0.44546092,0.5734273804562279
2017-11-27 05:10:00,0.27896476,0.5734273804562279
2017-12-12 07:34:00,0.605885,0.6152851258477777
2017-12-12 10:47:00,0.524256,0.6152851258477777
2017-12-13 08:27:00,0.41973364,0.6228101037041449
2018-01-09 08:34:00,0.7673222,0.6150499198308095
2018-01-09 09:54:00,0.7262525,0.6150499198308095
2018-01-22 07:36:00,0.33292922,0.6792474376268987
2018-02-06 10:04:00,0.3460761,0.6317460485478854
2018-02-09 00:33:00,0.49032134,0.6587889096864512
2018-02-09 01:25:00,0.7752647,0.6587889096864512
2018-02-16 10:48:00,0.38951662,0.6858318605298289
2018-03-05 08:32:00,0.10839105,0.7058200661411519
2018-03-06 04:18:00,0.42924228,0.7234567498116647
2018-03-07 04:34:00,0.72036445,0.7255731554403188
2018-03-07 08:21:00,0.79288715,0.7255731554403188
2018-03-28 09:41:00,0.5068602,0.7093474387571793
2018-04-03 03:52:00,0.5518421,0.7220457828242914
2018-05-16 02:23:00,0.17256856,0.8490299411339083
2018-05-16 06:54:00,0.25940335,0.8490299411339083
2018-05-16 07:47:00,0.7384722,0.8490299411339083
2018-05-16 07:47:00,0.25940335,0.8490299411339083
2018-05-16 07:58:00,0.23274791,0.8490299411339083
2018-05-21 02:14:00,0.3394867,0.8483245024926276
2018-05-22 05:36:00,0.38152453,0.8229276349487794
2018-05-23 08:00:00,0.51838833,0.8132862514637582
2018-05-23 09:57:00,0.36579138,0.8132862514637582
2018-06-12 09:41:00,0.36317807,0.9802469107008331
2018-06-17 09:33:00,0.19275445,0.9802469107008331
2018-06-18 03:53:00,0.5312223,0.9242798094023918
2018-07-10 07:34:00,0.607685,0.9313344649296347
2018-07-10 10:06:00,0.4605635,0.9313344649296347
2018-07-12 11:42:00,0.23097521,0.8953556589473284
2018-08-10 08:19:00,0.4908678,0.9891827658397616
2018-08-10 08:22:00,0.10696983,0.9891827658397616
2018-08-11 09:46:00,0.33298483,0.9891827658397616
2018-08-13 01:08:00,0.4572353,0.968489121587158
2018-08-20 11:21:00,0.62004113,0.9710757598401245
2018-08-21 05:29:00,0.49935955,0.9764844217726496
2018-08-22 02:45:00,0.29348615,0.9233391647441431
2018-08-22 04:34:00,0.48942107,0.9233391647441431
2018-08-22 04:35:00,0.69851786,0.9233391647441431
2018-08-22 07:34:00,0.67490846,0.9233391647441431
2018-08-22 09:47:00,0.568967,0.9233391647441431
2018-08-25 08:44:00,0.18816859,0.9233391647441431
2018-08-25 09:06:00,0.30868948,0.9233391647441431
2018-09-06 02:46:00,0.6565778,0.8777189752768155
2018-09-06 08:16:00,0.38827932,0.8777189752768155
2018-09-22 02:11:00,0.43259895,0.8777189752768155
2018-09-30 10:31:00,0.25367862,0.8777189752768155
2018-10-02 09:40:00,0.42067277,0.7937683681815596
2018-10-02 11:50:00,0.5975238,0.7937683681815596
2018-11-19 04:30:00,0.67999315,0.691240432757542
2018-11-19 09:26:00,0.33621103,0.691240432757542
2018-11-20 08:14:00,0.4197478,0.7140505723436118
2018-11-20 09:08:00,0.31824028,0.7140505723436118
2018-11-26 11:22:00,0.5060215,0.7215755501999789
2018-11-26 11:33:00,0.25216293,0.7215755501999789
2018-11-27 06:55:00,0.6006472,0.7274544447568165
2018-12-05 00:33:00,0.344554,0.7274544447568165
2019-01-07 08:28:00,0.6025973,0.6183420864298687
2019-01-07 08:28:00,0.5149447,0.6183420864298687
2019-01-09 10:17:00,0.57308716,0.6465607982436515
2019-01-11 06:52:00,0.6207382,0.6209288143876471
2019-01-11 08:53:00,0.3547986,0.6209288143876471
2019-01-11 08:54:00,0.31594813,0.6209288143876471
2019-01-15 01:27:00,0.34024364,0.6051734200336321
2019-02-07 04:43:00,0.680515,0.595532036548611
2019-02-08 08:23:00,0.5535027,0.5804820359834706
2019-02-22 07:40:00,0.5688041,0.5661375637644229
2019-03-05 04:15:00,0.5254053,0.5675484858993903
2019-03-05 04:43:00,0.39117956,0.5675484858993903
2019-03-06 08:12:00,0.58259094,0.5668430024057036
2019-03-06 09:28:00,0.43341064,0.5668430024057036
2019-03-11 00:19:00,0.26119807,0.5574367800852447
2019-04-03 08:59:00,0.58014554,0.600940608776324
2019-04-03 09:51:00,0.2604528,0.600940608776324
2019-04-03 09:52:00,0.4540929,0.600940608776324
2019-04-03 10:14:00,0.41826862,0.600940608776324
2019-04-05 07:13:00,0.33374953,0.6522045764883329
2019-04-05 08:07:00,0.61338556,0.6522045764883329
2019-04-08 07:49:00,0.21079272,0.6437389539737168
2019-04-16 08:19:00,0.49190795,0.5694297303634821
2019-04-19 08:52:00,0.7842029,0.5694297303634821
2019-04-23 00:49:00,0.7236284,0.543092263013791
2019-04-23 08:20:00,0.5237858,0.543092263013791
2019-04-24 05:01:00,0.33071968,0.5550852132920284
2019-05-17 07:35:00,0.5074963,0.4883009675381609
2019-05-20 07:30:00,0.086268604,0.4875955288968802
2019-05-21 04:24:00,0.3017852,0.48877128986728524
2019-05-22 01:12:00,0.18894237,0.4262198553707257
2019-05-22 04:42:00,0.37276348,0.4262198553707257
2019-05-22 08:20:00,0.34495032,0.4262198553707257
2019-05-22 08:29:00,0.46261004,0.4262198553707257
2019-05-22 09:41:00,0.5034901,0.4262198553707257
2019-05-27 10:22:00,0.3307413,0.4262198553707257
2019-08-05 00:39:00,0.28677472,0.356143443017799
2019-08-05 07:15:00,0.298531,0.356143443017799
2019-08-15 08:10:00,0.32027966,0.3208700756767735
2019-08-15 08:11:00,0.5450651,0.3208700756767735
2019-08-15 11:27:00,0.33019772,0.3208700756767735
2019-08-16 08:00:00,0.22924662,0.33615519255407
2019-08-20 04:15:00,0.46012387,0.34556141487452896
2019-08-21 07:25:00,0.32095107,0.3796590212451494
2019-08-21 08:48:00,0.4602516,0.3796590212451494
2019-08-21 09:35:00,0.24029425,0.3796590212451494
2019-08-28 11:40:00,0.37022465,0.407642527041964
2019-09-21 10:30:00,0.37980714,0.407642527041964
2019-09-28 05:16:00,0.5727224,0.407642527041964
2019-09-30 00:47:00,0.2866327,0.5144032737232896
2019-09-30 08:45:00,0.5561301,0.5144032737232896
2019-09-30 08:46:00,0.36578962,0.5144032737232896
2019-10-23 11:40:00,0.573215,0.5343915241870187
2019-11-12 08:18:00,0.3660716,0.5788359526839411
2019-11-19 04:24:00,0.40467426,0.5308641964233973
2019-11-19 04:30:00,0.41488746,0.5308641964233973
2019-11-19 05:06:00,0.19167721,0.5308641964233973
2019-11-20 08:36:00,0.331292,0.42786593867025535
2019-11-20 08:42:00,0.41082928,0.42786593867025535
2019-11-20 08:56:00,0.4877314,0.42786593867025535
2019-12-14 01:20:00,0.22775984,0.42786593867025535
2020-01-02 08:01:00,0.25175396,0.5082892180018899
2020-01-07 02:23:00,0.4772349,0.5372133684569534
2020-01-09 05:24:00,0.3974048,0.5049970514028307
2020-01-10 07:05:00,0.39325324,0.4744267727958317
2020-01-10 07:22:00,0.33711556,0.4744267727958317
2020-01-15 03:10:00,0.51481813,0.4690182005681185
2020-02-04 09:07:00,0.3756874,0.46525571163993495
2020-03-03 04:31:00,0.26904598,0.3977659823923807
2020-03-04 02:43:00,0.27351385,0.3570840428236419
2020-03-04 04:30:00,0.3889802,0.3570840428236419
2020-03-04 10:38:00,0.6065959,0.3570840428236419
2020-03-04 11:21:00,0.35613313,0.3570840428236419
2020-03-11 03:27:00,0.61723775,0.22633744043824747
2020-03-11 08:02:00,0.14780468,0.22633744043824747
2020-03-11 08:03:00,0.738429,0.22633744043824747
2020-03-11 08:39:00,1.0,0.22633744043824747
2020-03-22 10:15:00,0.481975,0.22633744043824747
2020-03-23 08:26:00,0.54889774,0.1795414451481089
2020-03-31 03:21:00,0.50662094,0.18871250630400568
2020-03-31 09:10:00,0.5015436,0.18871250630400568
2020-03-31 09:10:00,0.50087976,0.18871250630400568
2020-03-31 09:11:00,0.6231168,0.18871250630400568
2020-03-31 09:12:00,0.7062307,0.18871250630400568
2020-03-31 09:12:00,0.55969477,0.18871250630400568
2020-03-31 09:13:00,0.7140687,0.18871250630400568
2020-03-31 09:14:00,0.4973907,0.18871250630400568
2020-03-31 09:15:00,0.5008954,0.18871250630400568
2020-03-31 10:40:00,0.46632662,0.18871250630400568
2020-04-07 04:29:00,0.45169723,0.24609052973741427
2020-05-13 06:50:00,0.3959481,0.22422103480959346
2020-05-19 04:51:00,0.33459756,0.27548500252160224
2020-05-20 10:01:00,0.252079,0.24279836313835515
2020-05-21 07:23:00,0.3329256,0.2684303021419535
2020-06-11 07:00:00,0.32440057,0.26513813554289445
2020-06-12 10:54:00,0.71368116,0.26372721340792704
2020-06-18 08:15:00,0.3638876,0.2759553248507267
2020-07-20 00:08:00,0.46474412,0.2126984068604805
2020-07-20 01:57:00,0.40144515,0.2126984068604805
2020-08-25 04:57:00,0.42361927,0.3429746869167505
2020-08-25 07:37:00,0.4568085,0.3429746869167505
2020-08-26 02:56:00,0.6271742,0.4476190279694221
2020-08-26 08:38:00,0.6409055,0.4476190279694221
2020-08-26 10:25:00,0.3410587,0.4476190279694221
2020-08-27 09:08:00,0.6534265,0.4194003161556392
2020-09-03 01:12:00,0.48624843,0.41469722742161275
2020-09-22 10:50:00,0.25726676,0.3500293872963992
2020-10-09 10:47:00,0.2662015,0.4088183328647752
2020-11-13 00:02:00,0.57112396,0.480070506188107
2020-11-17 00:00:00,0.68148065,0.5207524906092518
2020-11-17 08:20:00,0.6427327,0.5207524906092518
2020-11-23 04:27:00,0.3831568,0.5983538808185456
2020-11-23 05:12:00,0.6721317,0.5983538808185456
2020-11-23 07:24:00,0.4360562,0.5983538808185456
2020-11-24 07:23:00,0.3760107,0.5621399136716771
2020-11-25 09:10:00,0.57748556,0.5536742911570611
2020-12-01 00:05:00,0.80100274,0.4974720735464636
2020-12-17 07:18:00,0.56720227,0.48736036773231795
2020-12-24 11:59:00,0.22541091,0.48312755647500993
2021-01-04 08:27:00,0.48002934,0.4311581052693144
2021-01-12 04:54:00,0.4143325,0.5666078412411414
2021-01-13 09:53:00,0.083973825,0.5296883906005863
2021-01-14 07:57:00,0.5607717,0.5085243791664521
2021-01-14 10:46:00,0.3565596,0.5085243791664521
2021-02-01 01:46:00,0.35341927,0.4918282953017822
2021-03-02 04:34:00,0.40417534,0.6479717652310248
2021-04-06 07:21:00,0.4551031,0.7293356443685023
2021-04-12 08:35:00,0.38070467,0.7509700229841669
2021-04-13 08:17:00,0.36745986,0.7213403441830107
2021-05-24 08:11:00,0.24560988,0.6703115824879701
2021-05-26 07:04:00,0.5607717,0.7584950008405341
2021-05-26 09:48:00,0.6259744,0.7584950008405341
2021-05-27 08:25:00,0.46992502,0.7782480901397009
2021-08-13 07:22:00,0.31448513,0.7460316833807662
2021-08-24 01:22:00,0.34320503,0.8116401681642287
2021-08-25 08:36:00,0.3419355,0.72063490554173
2021-09-13 08:49:00,0.40019396,0.603057014404978
2021-11-16 07:58:00,0.44472104,0.7392122338704917
2021-11-23 07:28:00,0.78829914,0.6486772038723055
2022-01-11 08:09:00,0.52062535,0.5289829071068995
2022-01-11 08:10:00,0.5535352,0.5289829071068995
2022-01-11 08:10:00,0.5046158,0.5289829071068995
2022-01-11 08:28:00,0.6772812,0.5289829071068995
2022-02-11 03:38:00,0.691948,0.5118165457655113
2022-02-13 09:55:00,0.68589294,0.5118165457655113
2022-02-15 00:53:00,0.17852247,0.5014697236392094
2022-02-15 10:38:00,0.6216537,0.5014697236392094
2022-02-18 07:38:00,0.6459358,0.47983538987595076
2022-02-22 01:46:00,0.59433633,0.45561432815491376
2022-02-25 11:27:00,0.69052136,0.484303317445415
2022-03-01 00:00:00,0.36979,0.4904173731668149
2022-03-01 05:25:00,0.62928337,0.4904173731668149
2022-03-02 05:43:00,0.7199087,0.5219282515796568
2022-03-02 10:46:00,0.59217596,0.5219282515796568
2022-03-03 05:08:00,0.3888525,0.49088769549593936
2022-03-04 06:42:00,0.5628151,0.44926511126895163
2022-03-10 08:38:00,0.68147033,0.46948852289724297
2022-03-17 08:38:00,0.68147033,0.4918282953017822
2022-03-22 08:38:00,0.68147033,0.47278068949630203
2022-03-26 02:38:00,0.60532135,0.47278068949630203
2022-03-31 11:30:00,0.5608641,0.4443268613703629
2022-04-01 02:29:00,0.53609216,0.43492059419749807
2022-04-12 10:43:00,0.41955236,0.43492059419749807
2022-04-13 00:29:00,0.12579209,0.43492059419749807
2022-04-13 11:06:00,0.4667425,0.43492059419749807
